first,second
opt_decVar1,0.3929121726954681
opt_decVar2,1.557880514329796
status,LOCALLY_SOLVED
optimal_obj,2.542562928190262
opt_decVar3,0.11534839930188252
